{
  "HARD_INCL_EARLY_TOKENS": 5,
  "HARD_INCL_SWEET_RANK": 982,
  "HARD_INCL_SWEET_BUFFER": 6.1272487050481566,
  "HARD_INCL_ANCHOR_START": -8.514757691719822,
  "HARD_INCL_ANCHOR_RANGE": 6.29162639387133,
  "SOFT_REWARD_STRENGTH": 1.019213672878756,
  "SOFT_PENALTY_STRENGTH": -8.79328720388665,
  "ANCHOR_OFFSET": -0.46327443853924866,
  "HARD_INCLUSION_BOOST": 15.526263810909505,
  "SUFFIX_PENALTY_TR": -11.675429641008119
}