{
  "SOFT_COMBINED_REWARD_STRENGTH_TR": 5.657883476468935,
  "SOFT_COMBINED_REWARD_MAX_TR": 24.55307958305177,
  "SOFT_COMBINED_REWARD_CURRICULUM_RATE_TR": 0.899819010888688,
  "SOFT_COMBINED_ANCHOR_OFFSET_TR": -12.890141941229228,
  "SOFT_COMBINED_PENALTY_STRENGTH_TR": -14.377393147094622
}