{
  "score": -122.77000000000069,
  "params": {
    "HARD_INCLUSION_BOOST_TR": 5.743414108444233,
    "SUFFIX_PENALTY_TR": -21.918526843561935,
    "HARD_INCL_EARLY_TOKENS_TR": 0,
    "HARD_INCL_SWEET_RANK_TR": 557,
    "HARD_INCL_SWEET_BUFFER_TR": 12.270148382090829,
    "HARD_INCL_ANCHOR_START_TR": -6.552844930239333,
    "HARD_INCL_ANCHOR_RANGE_TR": 10.314292138926305
  }
}