{
  "SOFT_COMBINED_REWARD_STRENGTH_EN": 3.127689036221139,
  "SOFT_COMBINED_REWARD_MAX_EN": 56.43591773796329,
  "SOFT_COMBINED_REWARD_CURRICULUM_RATE_EN": 2.6712889172821708,
  "SOFT_COMBINED_ANCHOR_OFFSET_EN": -15.66925214511932,
  "SOFT_COMBINED_PENALTY_STRENGTH_EN": -61.96899493600391
}