{
  "score": 245.64999999999998,
  "params": {
    "HARD_COMBINED_BOOST_EN": 22.794340695682752,
    "HARD_COMBINED_SUFFIX_PENALTY_EN": -9.33004427464971,
    "HARD_COMBINED_EARLY_TOKENS_EN": 1,
    "HARD_COMBINED_SWEET_RANK_EN": 294,
    "HARD_COMBINED_SWEET_BUFFER_EN": 2.5459156103398226,
    "HARD_COMBINED_ANCHOR_START_EN": -22.84952287564377,
    "HARD_COMBINED_ANCHOR_RANGE_EN": 25.0054242009445
  }
}