{
  "HARD_INCLUSION_BOOST_TR": 13.13321571428587,
  "SUFFIX_PENALTY_TR": -2.451639332300523,
  "HARD_INCL_EARLY_TOKENS_TR": 1,
  "HARD_INCL_SWEET_RANK_TR": 402,
  "HARD_INCL_SWEET_BUFFER_TR": 9.493643272109697,
  "HARD_INCL_ANCHOR_START_TR": 1.8079856516903092,
  "HARD_INCL_ANCHOR_RANGE_TR": 5.0635903829627775
}