{
  "score": -2508.2700000000004,
  "params": {
    "DBA_NUM_BEAMS_TR": 7,
    "DBA_LENGTH_PENALTY_TR": -1.170514862290621,
    "DBA_REPETITION_PENALTY_TR": 1.0805311101450759
  }
}