{
  "DBA_NUM_BEAMS_TR": 6,
  "DBA_LENGTH_PENALTY_TR": 0.4939031949478693,
  "DBA_REPETITION_PENALTY_TR": 1.0008664344404636
}