{
  "SOFT_COMBINED_REWARD_STRENGTH_TR": 7.552779048157623,
  "SOFT_COMBINED_REWARD_MAX_TR": 29.843347036673496,
  "SOFT_COMBINED_REWARD_CURRICULUM_RATE_TR": 1.0076144513689183,
  "SOFT_COMBINED_ANCHOR_OFFSET_TR": -21.934359045424667,
  "SOFT_COMBINED_PENALTY_STRENGTH_TR": -97.89749235309901
}