{
  "SOFT_REWARD_STRENGTH_EN": 4.197470333952294,
  "SOFT_REWARD_MAX_EN": 7.664562418114533,
  "SOFT_REWARD_CURRICULUM_RATE_EN": 0.47147565271592456,
  "ANCHOR_OFFSET_EN": -11.980686734072117
}