{
  "SOFT_REWARD_STRENGTH_TR": 10.147480743046776,
  "SOFT_REWARD_MAX_TR": 23.407415697341516,
  "SOFT_REWARD_CURRICULUM_RATE_TR": 3.481693853129853,
  "ANCHOR_OFFSET_TR": -39.5558719340102
}