{
  "DBA_NUM_BEAMS_TR": 7,
  "DBA_LENGTH_PENALTY_TR": -2.3071076962383796,
  "DBA_REPETITION_PENALTY_TR": 1.083265332727951
}