{
  "score": 278.37,
  "params": {
    "SOFT_REWARD_STRENGTH_TR": 2.034751506018973,
    "SOFT_REWARD_MAX_TR": 15.369451667662998,
    "SOFT_REWARD_CURRICULUM_RATE_TR": 2.958466455711092,
    "ANCHOR_OFFSET_TR": -23.885560696477985
  }
}