{
  "HARD_COMBINED_BOOST_TR": 14.798808025785567,
  "HARD_COMBINED_SUFFIX_PENALTY_TR": -22.539127082881294,
  "HARD_COMBINED_EARLY_TOKENS_TR": 0,
  "HARD_COMBINED_SWEET_RANK_TR": 310,
  "HARD_COMBINED_SWEET_BUFFER_TR": 8.754530392505961,
  "HARD_COMBINED_ANCHOR_START_TR": -17.766858667619427,
  "HARD_COMBINED_ANCHOR_RANGE_TR": 45.90004463962985
}