{
  "score": 119.30999999999987,
  "params": {
    "HARD_COMBINED_BOOST_TR": 23.63279125322714,
    "HARD_COMBINED_SUFFIX_PENALTY_TR": -8.828726743701234,
    "HARD_COMBINED_EARLY_TOKENS_TR": 0,
    "HARD_COMBINED_SWEET_RANK_TR": 405,
    "HARD_COMBINED_SWEET_BUFFER_TR": 11.372726056245263,
    "HARD_COMBINED_ANCHOR_START_TR": -1.8821929951768368,
    "HARD_COMBINED_ANCHOR_RANGE_TR": 20.566704246393414
  }
}