{
  "HARD_COMBINED_BOOST_EN": 11.922712626116601,
  "HARD_COMBINED_SUFFIX_PENALTY_EN": -16.338948145301,
  "HARD_COMBINED_EARLY_TOKENS_EN": 3,
  "HARD_COMBINED_SWEET_RANK_EN": 92,
  "HARD_COMBINED_SWEET_BUFFER_EN": 3.52005140337291,
  "HARD_COMBINED_ANCHOR_START_EN": -20.52153450272938,
  "HARD_COMBINED_ANCHOR_RANGE_EN": 19.582196532724176
}