{
  "score": 215.89,
  "params": {
    "SOFT_COMBINED_REWARD_STRENGTH_TR": 12.754968439065916,
    "SOFT_COMBINED_REWARD_MAX_TR": 25.852042853143573,
    "SOFT_COMBINED_REWARD_CURRICULUM_RATE_TR": 0.9199123482556277,
    "SOFT_COMBINED_ANCHOR_OFFSET_TR": -22.000166482897555,
    "SOFT_COMBINED_PENALTY_STRENGTH_TR": -41.22168686753129
  }
}