{
  "score": -303.52000000000027,
  "params": {
    "DBA_NUM_BEAMS_EN": 5,
    "DBA_LENGTH_PENALTY_EN": -2.0262898465237904,
    "DBA_REPETITION_PENALTY_EN": 1.340074435458198
  }
}