{
  "score": 221.78,
  "params": {
    "SOFT_COMBINED_REWARD_STRENGTH_EN": 3.7772171623082307,
    "SOFT_COMBINED_REWARD_MAX_EN": 39.65203421580849,
    "SOFT_COMBINED_REWARD_CURRICULUM_RATE_EN": 2.649896167847922,
    "SOFT_COMBINED_ANCHOR_OFFSET_EN": -25.34179504389559,
    "SOFT_COMBINED_PENALTY_STRENGTH_EN": -40.68113564575316
  }
}