{
  "score": 273.71999999999997,
  "params": {
    "SOFT_REWARD_STRENGTH_EN": 2.0074439838805587,
    "SOFT_REWARD_MAX_EN": 19.037476262523693,
    "SOFT_REWARD_CURRICULUM_RATE_EN": 0.17255495616360675,
    "ANCHOR_OFFSET_EN": -28.739574461457774
  }
}