{
  "HARD_INCL_EARLY_TOKENS": 1,
  "HARD_INCL_SWEET_RANK": 157,
  "HARD_INCL_SWEET_BUFFER": 3.3730875276855286,
  "HARD_INCL_ANCHOR_START": -8.091781157827596,
  "HARD_INCL_ANCHOR_RANGE": 5.156351687750532,
  "SOFT_REWARD_STRENGTH": 3.749590628709145,
  "SOFT_PENALTY_STRENGTH": -34.92892403089141,
  "ANCHOR_OFFSET": -5.936775780278513,
  "HARD_INCLUSION_BOOST": 7.55986538420474,
  "SUFFIX_PENALTY_TR": -8.690015328337033
}