{
  "HARD_COMBINED_BOOST_EN": 30.4889877572603,
  "HARD_COMBINED_SUFFIX_PENALTY_EN": -11.676638262043435,
  "HARD_COMBINED_EARLY_TOKENS_EN": 4,
  "HARD_COMBINED_SWEET_RANK_EN": 316,
  "HARD_COMBINED_SWEET_BUFFER_EN": 1.9204447521049763,
  "HARD_COMBINED_ANCHOR_START_EN": -16.88763074830799,
  "HARD_COMBINED_ANCHOR_RANGE_EN": 19.637724608990904
}