{
  "score": -200233.14999999997,
  "params": {
    "DBA_NUM_BEAMS_TR": 7,
    "DBA_LENGTH_PENALTY_TR": 0.006326283364614049,
    "DBA_REPETITION_PENALTY_TR": 1.0304988620379727
  }
}