{
  "score": 106.44000000000071,
  "params": {
    "HARD_COMBINED_BOOST_TR": 16.191355430287526,
    "HARD_COMBINED_SUFFIX_PENALTY_TR": -8.019039135757986,
    "HARD_COMBINED_EARLY_TOKENS_TR": 1,
    "HARD_COMBINED_SWEET_RANK_TR": 476,
    "HARD_COMBINED_SWEET_BUFFER_TR": 14.968198606137086,
    "HARD_COMBINED_ANCHOR_START_TR": -35.06821465771045,
    "HARD_COMBINED_ANCHOR_RANGE_TR": 10.2385959653275
  }
}