{
  "HARD_INCLUSION_BOOST_EN": 26.660430527906378,
  "SUFFIX_PENALTY_EN": -16.13668042108037,
  "HARD_INCL_EARLY_TOKENS_EN": 1,
  "HARD_INCL_SWEET_RANK_EN": 566,
  "HARD_INCL_SWEET_BUFFER_EN": 5.361011125170711,
  "HARD_INCL_ANCHOR_START_EN": -33.08636780963822,
  "HARD_INCL_ANCHOR_RANGE_EN": 37.00284363248174
}