{
  "score": 242.79,
  "params": {
    "HARD_COMBINED_BOOST_EN": 22.263749672365247,
    "HARD_COMBINED_SUFFIX_PENALTY_EN": -14.944588001249056,
    "HARD_COMBINED_EARLY_TOKENS_EN": 2,
    "HARD_COMBINED_SWEET_RANK_EN": 156,
    "HARD_COMBINED_SWEET_BUFFER_EN": 4.078158140223465,
    "HARD_COMBINED_ANCHOR_START_EN": -14.803142607118655,
    "HARD_COMBINED_ANCHOR_RANGE_EN": 16.702214183163846
  }
}