{
  "DBA_NUM_BEAMS_EN": 13,
  "DBA_LENGTH_PENALTY_EN": -2.6996447685168357,
  "DBA_REPETITION_PENALTY_EN": 1.4650169030085232
}