{
  "SOFT_REWARD_STRENGTH_EN": 3.797036270238195,
  "SOFT_REWARD_MAX_EN": 11.91683897706493,
  "SOFT_REWARD_CURRICULUM_RATE_EN": 0.10284883168053965,
  "ANCHOR_OFFSET_EN": -12.367943969374618
}