{
  "HARD_INCLUSION_BOOST_EN": 11.904520450360314,
  "SUFFIX_PENALTY_EN": -7.733009238117177,
  "HARD_INCL_EARLY_TOKENS_EN": 5,
  "HARD_INCL_SWEET_RANK_EN": 307,
  "HARD_INCL_SWEET_BUFFER_EN": 5.818685657503794,
  "HARD_INCL_ANCHOR_START_EN": -16.065062964311274,
  "HARD_INCL_ANCHOR_RANGE_EN": 26.067537650273763
}