{
  "SOFT_REWARD_STRENGTH_TR": 8.92938497828889,
  "SOFT_REWARD_MAX_TR": 20.575216644588068,
  "SOFT_REWARD_CURRICULUM_RATE_TR": 0.9648681462242688,
  "ANCHOR_OFFSET_TR": -3.900007827831196
}