{
  "score": 258.80999999999995,
  "params": {
    "HARD_INCLUSION_BOOST_EN": 7.470006259556959,
    "SUFFIX_PENALTY_EN": -17.19091984623191,
    "HARD_INCL_EARLY_TOKENS_EN": 0,
    "HARD_INCL_SWEET_RANK_EN": 66,
    "HARD_INCL_SWEET_BUFFER_EN": 14.85497715043644,
    "HARD_INCL_ANCHOR_START_EN": -28.247558337638488,
    "HARD_INCL_ANCHOR_RANGE_EN": 30.685751307196327
  }
}