{
  "HARD_INCLUSION_BOOST_TR": 9.402467737770602,
  "SUFFIX_PENALTY_TR": -11.909600025499575,
  "HARD_INCL_EARLY_TOKENS_TR": 3,
  "HARD_INCL_SWEET_RANK_TR": 100,
  "HARD_INCL_SWEET_BUFFER_TR": 7.822984298768535,
  "HARD_INCL_ANCHOR_START_TR": -6.929641484824387,
  "HARD_INCL_ANCHOR_RANGE_TR": 15.656740187342306
}