{
  "score": 238.95999999999992,
  "params": {
    "SOFT_REWARD_STRENGTH_TR": 7.034694149130213,
    "SOFT_REWARD_MAX_TR": 23.870430014236067,
    "SOFT_REWARD_CURRICULUM_RATE_TR": 4.977654793811748,
    "ANCHOR_OFFSET_TR": -28.604573397084756
  }
}