{
  "SOFT_COMBINED_REWARD_STRENGTH_EN": 2.8620058796353556,
  "SOFT_COMBINED_REWARD_MAX_EN": 12.810036452510525,
  "SOFT_COMBINED_REWARD_CURRICULUM_RATE_EN": 0.32947659805771523,
  "SOFT_COMBINED_ANCHOR_OFFSET_EN": -8.487808291905306,
  "SOFT_COMBINED_PENALTY_STRENGTH_EN": -26.838487835531552
}