{
  "HARD_INCL_EARLY_TOKENS": 2,
  "HARD_INCL_SWEET_RANK": 566,
  "HARD_INCL_SWEET_BUFFER": 1.6805952237148933,
  "HARD_INCL_ANCHOR_START": -13.185777647780293,
  "HARD_INCL_ANCHOR_RANGE": 12.99703583319112,
  "SOFT_REWARD_STRENGTH": 3.0355912478340863,
  "SOFT_PENALTY_STRENGTH": -15.581295320316896,
  "ANCHOR_OFFSET": -8.837039116805736,
  "HARD_INCLUSION_BOOST": 33.08079926252055,
  "SUFFIX_PENALTY_TR": -4.640683742356107
}