{
  "score": -4790.170000000003,
  "params": {
    "DBA_NUM_BEAMS_EN": 5,
    "DBA_LENGTH_PENALTY_EN": -4.6086734734747745,
    "DBA_REPETITION_PENALTY_EN": 1.2046863355531654
  }
}