{
  "HARD_COMBINED_BOOST_TR": 14.27887621243904,
  "HARD_COMBINED_SUFFIX_PENALTY_TR": -12.506913387335155,
  "HARD_COMBINED_EARLY_TOKENS_TR": 2,
  "HARD_COMBINED_SWEET_RANK_TR": 145,
  "HARD_COMBINED_SWEET_BUFFER_TR": 6.991524943855499,
  "HARD_COMBINED_ANCHOR_START_TR": -5.9374962197243,
  "HARD_COMBINED_ANCHOR_RANGE_TR": 20.11886794343148
}