{
  "score": 274.21,
  "params": {
    "HARD_INCLUSION_BOOST_EN": 7.182293872522841,
    "SUFFIX_PENALTY_EN": -9.344246208789052,
    "HARD_INCL_EARLY_TOKENS_EN": 5,
    "HARD_INCL_SWEET_RANK_EN": 293,
    "HARD_INCL_SWEET_BUFFER_EN": 5.855872539437234,
    "HARD_INCL_ANCHOR_START_EN": -7.498777335021458,
    "HARD_INCL_ANCHOR_RANGE_EN": 9.831046441283089
  }
}