{
  "score": 274.52,
  "params": {
    "SOFT_REWARD_STRENGTH_EN": 9.036324571487722,
    "SOFT_REWARD_MAX_EN": 20.30791307146735,
    "SOFT_REWARD_CURRICULUM_RATE_EN": 0.8310823069670247,
    "ANCHOR_OFFSET_EN": -32.55402610620901
  }
}