{
  "score": 221.73,
  "params": {
    "SOFT_COMBINED_REWARD_STRENGTH_EN": 4.717973336945308,
    "SOFT_COMBINED_REWARD_MAX_EN": 25.969242966481676,
    "SOFT_COMBINED_REWARD_CURRICULUM_RATE_EN": 2.430185279310913,
    "SOFT_COMBINED_ANCHOR_OFFSET_EN": -18.856820920604143,
    "SOFT_COMBINED_PENALTY_STRENGTH_EN": -54.722656156763406
  }
}