{
  "score": 112.79000000000008,
  "params": {
    "HARD_INCLUSION_BOOST_TR": 24.77116512030992,
    "SUFFIX_PENALTY_TR": -19.945350134067315,
    "HARD_INCL_EARLY_TOKENS_TR": 3,
    "HARD_INCL_SWEET_RANK_TR": 300,
    "HARD_INCL_SWEET_BUFFER_TR": 13.332386000847434,
    "HARD_INCL_ANCHOR_START_TR": -17.003751982111723,
    "HARD_INCL_ANCHOR_RANGE_TR": 36.503547152050736
  }
}