{
  "DBA_NUM_BEAMS_EN": 5,
  "DBA_LENGTH_PENALTY_EN": -3.5809536246293034,
  "DBA_REPETITION_PENALTY_EN": 1.4383135728669465
}