{
  "score": 213.89000000000019,
  "params": {
    "SOFT_COMBINED_REWARD_STRENGTH_TR": 8.374259438207808,
    "SOFT_COMBINED_REWARD_MAX_TR": 30.721425137350636,
    "SOFT_COMBINED_REWARD_CURRICULUM_RATE_TR": 4.1042840681080985,
    "SOFT_COMBINED_ANCHOR_OFFSET_TR": -27.68711911809957,
    "SOFT_COMBINED_PENALTY_STRENGTH_TR": -61.91802804055028
  }
}